{"best_val_mae":7.785602938670379,"lr":0.0005,"val/mae":8.03067476932819,"_step":17,"epoch":18,"train/loss":91.02274834643835,"val/rmse":10.27331128028723,"val/loss":108.49525631391086,"best_epoch":13,"_runtime":2190,"_wandb":{"runtime":2190},"train/mae":7.27799991848825,"_timestamp":1.7684030985660565e+09}